system,claim_id,pass,latency_ms,tokens,cost,status
agent,CLM-2026-010001,True,13407.5,5259,0.000508,ok
workflow,CLM-2026-010001,True,804.2,506,0.000108,ok
agent,CLM-2026-010002,True,2755.4,5128,0.000485,ok
workflow,CLM-2026-010002,True,849.7,439,9.2e-05,ok
agent,CLM-2026-010003,True,3571.9,5270,0.000514,ok
workflow,CLM-2026-010003,True,891.2,488,0.000105,ok
agent,CLM-2026-010004,True,2977.8,5438,0.000558,ok
workflow,CLM-2026-010004,True,1126.6,472,9.7e-05,ok
agent,CLM-2026-010005,True,2568.1,5271,0.000522,ok
workflow,CLM-2026-010005,True,737.9,352,6.4e-05,ok
agent,CLM-2026-010006,True,2106.7,5036,0.000457,ok
workflow,CLM-2026-010006,True,645.3,362,6.9e-05,ok
agent,CLM-2026-010007,True,4334.2,5742,0.000653,ok
workflow,CLM-2026-010007,True,1004.5,489,0.000101,ok
agent,CLM-2026-010008,True,2943.9,5153,0.000477,ok
workflow,CLM-2026-010008,True,831.1,500,0.000105,ok
agent,CLM-2026-010009,True,3304.4,5478,0.000576,ok
workflow,CLM-2026-010009,True,1285.4,509,0.000109,ok
agent,CLM-2026-010010,True,3087.4,5186,0.00048,ok
workflow,CLM-2026-010010,True,724.9,430,8.2e-05,ok
