trace_id,claim_id,ts,outcome_pass,tool_choice_ok,argument_validity_rate,trajectory_pass,step_efficiency,tokens_used,cost_used,latency_ms,status
5e12ddf5eb8441598a2cd7bcd8806243,CLM-2026-010001,2026-09-29T06:06:59.416+00:00,True,True,1.0,True,1.0,5504,0.000582,13946.9,ok
49547d05f76c4425a718f2b5d639f2c2,CLM-2026-010001,2026-09-29T06:08:02.774+00:00,True,True,1.0,True,1.0,5562,0.000599,3216.3,ok
e877c19b859b4606b46e2182b0f58f5b,CLM-2026-010002,2026-09-29T06:09:05.862+00:00,True,True,1.0,True,1.0,5186,0.000503,3053.2,ok
5ee770ba867a4670a23a652a16a0ed1b,CLM-2026-010002,2026-09-29T06:10:08.791+00:00,True,True,1.0,True,1.0,5146,0.000491,2889.0,ok
bcdaf728c4454aaa86459b8557014708,CLM-2026-010003,2026-09-29T06:11:11.679+00:00,True,True,0.9,False,1.0,5298,0.000522,2848.6,ok
22cc9ae59c5548fca810d8099b9ace84,CLM-2026-010003,2026-09-29T06:12:14.486+00:00,True,True,0.9,False,1.0,5118,0.000467,2783.1,ok
000b0df59cc3407e825437258bf3b5ed,CLM-2026-010004,2026-09-29T06:13:17.686+00:00,True,True,1.0,True,1.0,5597,0.000605,3164.3,ok
e980986af1e043e4a05fd9d9dc12a322,CLM-2026-010004,2026-09-29T06:14:20.368+00:00,True,True,1.0,True,1.0,5369,0.000537,2643.7,ok
bd45473b72524293b9baf22f21ad2677,CLM-2026-010005,2026-09-29T06:15:23.404+00:00,True,True,0.9,False,1.0,5313,0.000534,2998.4,ok
81c99c430af14ff1826e5dce2ec13b70,CLM-2026-010005,2026-09-29T06:16:25.530+00:00,True,False,0.8571,False,0.6667,3801,0.000384,2085.8,ok
301cae934ac04db8ba321dd66fda459a,CLM-2026-010006,2026-09-29T06:17:28.343+00:00,True,True,0.9,False,1.0,5037,0.000457,2778.3,ok
3fe234e1f64941b8a53a62f57cb69c5c,CLM-2026-010006,2026-09-29T06:18:30.871+00:00,True,True,0.9,False,1.0,5074,0.000469,2484.3,ok
6fa6501d782e481abc2e3710fa6f574d,CLM-2026-010007,2026-09-29T06:19:33.818+00:00,True,True,1.0,True,1.0,5341,0.000532,2911.0,ok
6227f7c01ca44bbe9df5b656ec6e216b,CLM-2026-010007,2026-09-29T06:20:37.421+00:00,True,True,1.0,True,1.0,5410,0.000553,3565.8,ok
840453fe43a140ab980867a86a65b813,CLM-2026-010008,2026-09-29T06:21:41.100+00:00,True,True,0.9,False,1.0,5345,0.000535,3642.3,ok
480bd494b17f4185aa393b3773ae30c9,CLM-2026-010008,2026-09-29T06:22:42.938+00:00,True,False,0.8571,False,0.6667,3739,0.000361,1793.4,ok
433e55b7161541a589a6d75a11698e63,CLM-2026-010009,2026-09-29T06:23:45.887+00:00,True,True,1.0,True,1.0,5382,0.000547,2906.8,ok
a10cb1d7ed114d8d8f205f450fbe8edf,CLM-2026-010009,2026-09-29T06:24:49.023+00:00,True,True,1.0,True,1.0,5501,0.000583,3090.3,ok
62684bde40fc4652b685878fc5df163a,CLM-2026-010010,2026-09-29T06:25:51.949+00:00,True,True,0.9,False,1.0,5286,0.000509,2882.2,ok
a29d54e92286413093511d551f4ac6c9,CLM-2026-010010,2026-09-29T06:26:55.136+00:00,True,True,0.9,False,1.0,5407,0.000547,3146.1,ok
